Experiment,Nodes,Algorithm,Avg_Throughput,Avg_PDR
Scalability,10,BEB,0.3992,0.08010289598417367
Scalability,10,RL,0.1518,0.03055517783348492
Scalability,50,BEB,0.3571,0.014338774903546177
Scalability,50,RL,0.31160000000000004,0.012472114136844417
Scalability,100,BEB,0.314,0.006281037425643737
Scalability,100,RL,0.3688,0.00738554179754986
Scalability,200,BEB,0.26530000000000004,0.0026546977586314607
Scalability,200,RL,0.3093,0.0030921246363416173
